{"analyses": [{"id": "d356f69e-bfaa-44b9-913b-7f9f0ebf72e6", "analysis": "**Radiological Analysis:**\n\n**Description of Key Findings:**\n- The left panel image labeled \"Normal\" shows a chest radiograph with no lung opacities, clear lung fields, normally positioned cardiovascular silhouette, and normal mediastinum. The prominent horizontal fissure in the right lung is visible, indicating clear demarcation within lung segments.\n  \n- The right panel image labeled \"Round pneumonia\" displays a chest radiograph with notable features:\n  1. **Consolidation:** There are areas of increased opacity in the right lung, particularly noted in the middle and lower lung fields, marked with red arrows. This consolidation is rounded, a less common presentation for pneumonia.\n  2. **Lung Fields:** Excluding the consolidation, other lung fields appear unremarkable without additional opacities or visible abnormalities.\n  3. **Cardiac Silhouette and Mediastinum:** Both structures appear to be normal without evidence of shift or enlargement.\n  4. **No pleural effusion or pneumothorax is identified.**\n\n**Impression:**\n\n**Possible Diagnoses:**\n1. **Round Pneumonia:** The rounded consolidation noted mainly on the right side of the chest radiograph is highly suggestive of round pneumonia. This type of pneumonia typically presents as a spherical shadow and is more commonly observed in pediatric populations but can occur in adults.\n\n2. **Other considerations:** Although less likely, differential diagnoses based on the imaging might include focal pulmonary neoplasm or a localized area of atelectasis, which would usually present differently on imaging.\n\n**Recommendations for Clinical Correlation or Follow-up:**\n1. **Clinical Correlation:** It is recommended to correlate the radiological findings with the patient\u2019s clinical symptoms such as fever, cough, chest pain, and laboratory results (e.g., WBC count, inflammatory markers).\n  \n2. **Further Diagnostic Work-up:** If clinical suspicion continues for pneumonia, especially based on symptomatology and if empirical antibiotic treatment has not been initiated, consideration can be given to start appropriate antibiotic therapy.\n\n3. **Follow-up Imaging:** A follow-up chest X-ray or possibly a CT scan of the chest could be beneficial after appropriate treatment to ensure resolution of the consolidation. In cases where a neoplasm or other pathology is still considered, further imaging or interventional studies may be warranted.\n\n4. **Specialist Referral:** Consulting a pulmonologist might be helpful if unusual patterns are present or in cases of treatment failure to reassess the differential diagnoses and further manage the patient based on an inter-disciplinary approach.", "findings": ["*", "*Possible Diagnoses:**", "**Round Pneumonia:** The rounded consolidation noted mainly on the right side of the chest radiograph is highly suggestive of round pneumonia. This type of pneumonia typically presents as a spherical shadow and is more commonly observed in pediatric populations but can occur in adults.", "**Other considerations:** Although less likely, differential diagnoses based on the imaging might include focal pulmonary neoplasm or a localized area of atelectasis, which would usually present differently on imaging.", "*Recommendations for Clinical Correlation or Follow-up:**", "**Clinical Correlation:** It is recommended to correlate the radiological findings with the patient\u2019s clinical symptoms such as fever, cough, chest pain, and laboratory results (e.g., WBC count, inflammatory markers).", "**Further Diagnostic Work-up:** If clinical suspicion continues for pneumonia, especially based on symptomatology and if empirical antibiotic treatment has not been initiated, consideration can be given to start appropriate antibiotic therapy.", "**Follow-up Imaging:** A follow-up chest X-ray or possibly a CT scan of the chest could be beneficial after appropriate treatment to ensure resolution of the consolidation. In cases where a neoplasm or other pathology is still considered, further imaging or interventional studies may be warranted.", "**Specialist Referral:** Consulting a pulmonologist might be helpful if unusual patterns are present or in cases of treatment failure to reassess the differential diagnoses and further manage the patient based on an inter-disciplinary approach."], "keywords": ["*possible", "diagnoses:**", "**round", "pneumonia:**", "rounded"], "date": "2025-03-18T17:27:48.843352", "filename": "xray report .jpg"}, {"id": "7a30a4bc-fc12-4750-ab20-9415ef382238", "analysis": "### Radiological Analysis\n\n#### Image Description:\nThe image presents two chest X-rays side-by-side with annotations describing normal anatomy and pathological findings, respectively. \n\n1. **Normal Chest X-ray:**\n   - Displays the classic landmarks in a healthy lung: upper, middle, and lower lung zones, denoted by color-coded lines (yellow, green, and blue).\n   - It highlights the horizontal fissure.\n   - The cardiac silhouette is within normal limits.\n   - There is no evidence of pleural effusion or pneumothorax.\n   - The mediastinum and lung fields appear clear.\n\n2. **Chest X-ray with Round Pneumonia:**\n   - Shows a clear round area of consolidation in the right lung, indicated by multiple red arrows.\n   - The consolidated area is well-circumscribed, appearing as a homogenous round opacity.\n   - Similar to the normal X-ray, there is no visible pleural effusion or pneumothorax.\n   - The heart and mediastinal contours are normal. \n   - The remaining lung fields are noted to be clear, and there are no notable findings in the other lung zones and the surrounding soft tissues.\n\n#### Key Findings:\n- **Normal X-ray:** Nothing abnormal, lungs, heart, and mediastinum are within typical limits.\n- **Round Pneumonia:** A distinct, round opacity in the right lung suggestive of a consolidated region, typical of round pneumonia.\n\n### Impression\n\n#### Possible Diagnoses:\n- **Round Pneumonia:** The findings on the right chest X-ray are highly suggestive of round pneumonia, a form of lung infection that presents with a spherical shadow. This is more common in children but can occur in adults.\n\n#### Recommendations:\n1. **Clinical Correlation:**\n   - Correlation with clinical symptoms such as fever, cough, or respiratory difficulty is essential to further support the diagnosis of round pneumonia.\n   - Review of recent health history and any reports of similar symptoms in family or close contacts could provide additional context.\n\n2. **Follow-up:**\n   - If the patient is symptomatic, appropriate antibiotic therapy should be considered based on local guidelines and bacterial resistance patterns.\n   - A repeat chest X-ray in 4-6 weeks might be necessary to ensure resolution of the consolidation.\n   - Further imaging such as a CT scan may be required if the condition does not improve with treatment or if complications are suspected.\n\n3. **Monitoring and Additional Testing:**\n   - Monitoring for response to treatment and any signs of complications should be conducted if round pneumonia is confirmed.\n   - Laboratory tests including complete blood count, inflammatory markers, and possibly sputum cultures or blood cultures might aid in confirming the diagnosis and managing the treatment.\n\nThese steps are crucial to determine the proper course of treatment and to monitor recovery effectively.", "findings": [], "keywords": ["pneumonia", "effusion", "consolidation", "pneumothorax"], "date": "2025-03-18T18:20:23.273496", "filename": "xray report  2.jpg"}]}